Name,Value
NN.0.weight,[]
NN.0.bias,[0. 0. 0. 0. 0. 0. 0. 0. 0. 0. 0. 0. 0. 0. 0. 0. 0. 0. 0. 0.]
NN.2.weight,"[[ 0.05170205 -0.17731053 -0.17990723  0.19131681 -0.3627391  -0.02971733
   0.35444823 -0.14969182 -0.25905663 -0.3517718  -0.36924988 -0.05333805
  -0.16622326  0.46622673 -0.242899   -0.40151072 -0.46190125  0.08803943
   0.3368983  -0.03830132]
 [ 0.14995119  0.47780618  0.06893221  0.4641131   0.4607226  -0.36849213
  -0.19929734  0.08034816 -0.10896605  0.02287516 -0.09752244 -0.43934223
  -0.47480062 -0.2991084  -0.24493226 -0.2518282  -0.2452711  -0.07545471
   0.14465275  0.4787939 ]
 [-0.4462118  -0.32037312 -0.43396205 -0.1838266   0.19528261  0.20213339
   0.02195767 -0.21872514  0.43671766  0.19967005  0.07195249  0.3290179
  -0.4683058  -0.09797686 -0.3815745   0.12059489 -0.41698015  0.2075927
  -0.22121897 -0.29218167]
 [ 0.42313668 -0.47537988 -0.26625228 -0.20369658  0.4001827  -0.15636611
  -0.40076295  0.18370071 -0.27383468  0.3605617  -0.05827489  0.45169297
  -0.06699494  0.11204603  0.45778617  0.41938463 -0.36118525 -0.3098506
  -0.17113975 -0.19382551]
 [-0.0216704  -0.41331136 -0.01417664 -0.05016026 -0.2502786  -0.10682675
  -0.0911077   0.04344568 -0.36779857  0.23995504  0.0209237  -0.36297965
   0.05441204  0.22199467 -0.13652527 -0.24439937  0.35959008 -0.27284378
  -0.14630306  0.04548749]]"
NN.2.bias,[0. 0. 0. 0. 0.]
NN.4.weight,"[[nan nan nan nan nan]
 [nan nan nan nan nan]
 [nan nan nan nan nan]
 [nan nan nan nan nan]
 [nan nan nan nan nan]
 [nan nan nan nan nan]
 [nan nan nan nan nan]
 [nan nan nan nan nan]
 [nan nan nan nan nan]
 [nan nan nan nan nan]
 [nan nan nan nan nan]
 [nan nan nan nan nan]
 [nan nan nan nan nan]
 [nan nan nan nan nan]
 [nan nan nan nan nan]
 [nan nan nan nan nan]
 [nan nan nan nan nan]
 [nan nan nan nan nan]
 [nan nan nan nan nan]
 [nan nan nan nan nan]]"
NN.4.bias,"[nan nan nan nan nan nan nan nan nan nan nan nan nan nan nan nan nan nan
 nan nan]"
