Name,Value
NN.0.weight,[]
NN.0.bias,[0. 0. 0. 0. 0. 0. 0. 0. 0. 0. 0. 0. 0. 0. 0. 0. 0. 0. 0. 0.]
NN.2.weight,"[[-0.16581866 -0.34793985  0.42203578  0.26544228 -0.11088371 -0.19761184
   0.3328221  -0.46595776 -0.4664611  -0.09245628  0.23017457  0.44417402
  -0.48231798  0.41207233  0.14155301 -0.46088865 -0.46698424 -0.35041434
   0.12038532  0.18347856]
 [ 0.01004714  0.2955834  -0.43591666  0.02668402 -0.10440558 -0.1540739
   0.41673103  0.32596132 -0.31155157  0.3019978  -0.21517512 -0.28841335
  -0.1905657  -0.4766379  -0.18470085  0.12188181 -0.05993083  0.440217
   0.04419222  0.05529752]
 [ 0.36977848  0.14359072 -0.04601595  0.34272346 -0.48942336 -0.29082447
   0.08214197 -0.47159374  0.20257059  0.331489    0.44355717 -0.2208007
   0.13965884 -0.30950236 -0.07561249  0.46578798 -0.10541672 -0.14609307
  -0.2825274  -0.2184422 ]
 [-0.38897127 -0.42213812  0.3715926  -0.43068498 -0.42355692 -0.02518529
  -0.34716284 -0.1803481   0.00690532  0.4086744   0.12020561  0.15655288
  -0.32281566  0.09277537 -0.43372476  0.07314655  0.24567178 -0.23858115
  -0.31268203  0.0841904 ]
 [ 0.27377674  0.46162155 -0.38526767  0.43178645  0.4059544  -0.24507675
   0.20962408 -0.3422202  -0.35421866 -0.4792186  -0.04050884  0.27338973
   0.2065703  -0.45958754 -0.25799304 -0.20034522 -0.01215652  0.18385085
  -0.16644788 -0.38381815]]"
NN.2.bias,[0. 0. 0. 0. 0.]
NN.4.weight,"[[nan nan nan nan nan]
 [nan nan nan nan nan]
 [nan nan nan nan nan]
 [nan nan nan nan nan]
 [nan nan nan nan nan]
 [nan nan nan nan nan]
 [nan nan nan nan nan]
 [nan nan nan nan nan]
 [nan nan nan nan nan]
 [nan nan nan nan nan]
 [nan nan nan nan nan]
 [nan nan nan nan nan]
 [nan nan nan nan nan]
 [nan nan nan nan nan]
 [nan nan nan nan nan]
 [nan nan nan nan nan]
 [nan nan nan nan nan]
 [nan nan nan nan nan]
 [nan nan nan nan nan]
 [nan nan nan nan nan]]"
NN.4.bias,"[nan nan nan nan nan nan nan nan nan nan nan nan nan nan nan nan nan nan
 nan nan]"
