Name,Value
NN.0.weight,"[[ 0.20912702]
 [ 0.6960545 ]
 [ 0.23495424]
 [ 0.48488447]
 [-0.00474409]
 [ 0.345563  ]
 [ 0.22541255]
 [ 0.10405818]
 [ 0.4038303 ]
 [ 0.35968077]]"
NN.0.bias,"[-0.13537286  0.04780185 -0.06035309 -0.12290968 -0.0160411  -0.0144282
  0.10451731 -0.1145032  -0.12632966 -0.14091282]"
NN.2.weight,"[[-0.03960139  0.0032329  -0.3696136   0.4156587   0.39815825 -0.44294003
   0.1315049   0.44419354 -0.27313504 -0.14178437]
 [ 0.10793589 -0.37553298  0.14516349  0.47025868  0.18488635  0.32195923
   0.36436766  0.23825964 -0.38559023 -0.2591081 ]
 [-0.48686853  0.17629771 -0.5764394   0.13949358 -0.20052734 -0.5065196
   0.48325726  0.3496609   0.09670287 -0.21512504]
 [-0.48885328 -0.39727393  0.43754214 -0.13519442  0.50464     0.3138644
   0.14071572  0.5335157   0.24466574 -0.11360183]
 [ 0.28546047  0.36247492  0.12418389  0.37616646 -0.25162554 -0.57008445
  -0.40053466 -0.17624678 -0.19678795 -0.39574093]
 [ 0.12928772 -0.29800814 -0.1466434   0.33212116 -0.09582724  0.25828177
   0.1504733   0.13601823  0.06423426  0.29759267]
 [ 0.01557257 -0.37923083  0.10715676  0.26625705  0.30135733  0.04540617
  -0.27795047  0.35487002  0.21431983  0.11027681]
 [-0.05488519  0.0898666   0.31467357  0.52059394 -0.06350347 -0.08558407
   0.45241436 -0.43350103 -0.36762387 -0.38429734]
 [-0.39927074  0.2301603  -0.0242933  -0.4823269   0.3761856  -0.31490695
   0.31008172 -0.32294875 -0.08221734 -0.01278156]
 [ 0.13060343  0.2715919  -0.17061204 -0.474171    0.00825286 -0.12025329
  -0.03895807  0.1386745  -0.41768336 -0.25354955]]"
NN.2.bias,"[ 0.         -0.04419115 -0.03300059  0.         -0.15450327 -0.17341033
 -0.10796304  0.08829105  0.          0.        ]"
NN.4.weight,"[[-0.4754271   0.30759966 -0.5952037   0.22063845  0.05378137  0.24772537
  -0.47287938  0.05869925 -0.26849577  0.37193936]
 [-0.56877244  0.02563374 -0.35036018  0.60979027 -0.5008659  -0.05268361
  -0.14121774 -0.02869518  0.32697177 -0.32492107]
 [-0.61576974 -0.22946757 -0.05757895  0.21139592 -0.16872433 -0.38108855
   0.08698846  0.2625934   0.44786245  0.00951451]
 [-0.3528081  -0.10938455  0.05149774 -0.36822113  0.40196165 -0.23956932
  -0.48676637  0.5971503  -0.50651675  0.5785206 ]
 [ 0.32554418  0.33862877  0.28800613 -0.22512293  0.52509445 -0.02116947
   0.0205831   0.5750706  -0.42126876  0.06459194]]"
NN.4.bias,[ 0.06547832  0.21479593  0.21745577  0.14984986 -0.06557748]
