Name,Value
network.0.layers.1.weight,"[[[-0.05990169  1.7373677   1.0977862 ]
  [ 0.05462427 -0.12013065  2.3609488 ]
  [ 0.5271187   1.6546739   3.6258116 ]
  [ 0.9667031   0.9798534  -0.8961336 ]
  [-0.9519287   1.197365    0.36516032]
  [-1.5359836   1.1557888   0.48048255]
  [ 0.2615106  -0.48389226 -1.7124406 ]
  [ 1.1070826  -0.3019808   0.33722252]
  [-1.2496899  -1.3239034  -0.94936   ]
  [ 0.9764302   0.512143    0.76354015]
  [ 0.5368072  -0.5918093  -0.39322823]
  [ 0.06560598 -0.02730697  0.38576177]
  [-0.601616   -0.932598   -0.07342288]
  [-0.23097931 -0.49907959 -0.16625385]
  [-1.4421371  -0.07486922  1.6031383 ]
  [-0.43038943  1.4103078   0.20221104]
  [ 0.25204876  0.64375275 -0.43662858]
  [ 0.63644797 -1.3386927  -0.58885425]
  [-0.16355911  0.3536063   0.7023593 ]
  [-0.8036444  -1.4473069   0.12120819]
  [ 0.38585246 -0.15735106 -0.52491164]
  [-0.46186593  1.2301381  -0.28001773]
  [-1.0453465  -0.91812193  0.6985088 ]
  [ 0.9469598  -0.27605137 -1.6818109 ]
  [-0.3028626   1.87288     0.4126997 ]
  [-1.0714864  -0.57827693 -1.2672348 ]
  [ 0.2321852  -0.35752738 -0.91645986]
  [ 0.05708145  0.5783415  -1.3825635 ]
  [ 1.1871223  -0.50229245 -0.01547184]
  [-1.3420473   0.6357274  -0.20744428]
  [ 0.5420933   1.7416637  -0.434965  ]]]"
network.0.layers.1.bias,[-0.19072366]
network.0.layers.5.weight,[[[-0.17388584 -1.2737386  -1.332373  ]]]
network.0.layers.5.bias,[4.8860474]
network.0.downsample.weight,"[[[ 3.3448997e+00]
  [ 2.2473774e+00]
  [ 4.7151837e-01]
  [ 3.0504420e-01]
  [-3.6828807e-01]
  [-1.9730120e+00]
  [-1.1690874e-04]
  [ 2.3407407e-01]
  [ 2.3804437e-01]
  [ 2.0439658e-01]
  [-1.3424948e-01]
  [-2.3435345e-01]
  [ 1.5573426e-04]
  [-1.5501063e-01]
  [ 1.7918445e+00]
  [ 2.4433224e+00]
  [ 1.3907876e+00]
  [ 2.0756497e+00]
  [ 2.7551360e+00]
  [ 3.6326180e+00]
  [ 2.6064470e+00]
  [ 1.9508260e+00]
  [ 1.6877830e+00]
  [ 1.7487355e+00]
  [ 2.2674811e+00]
  [ 1.3915858e+00]
  [-4.3144935e-01]
  [ 1.5610524e+00]
  [-3.6206716e-01]
  [ 1.4687985e+00]
  [ 2.3096194e+00]]]"
network.0.downsample.bias,[2.5313697]
