Structure,Mean
[1],0.007240189
"[10, 1]",0.06906386
"[20, 1]",0.001841187
"[30, 1]",0.005078877
"[20, 20, 1]",0.000245038
"[20, 10, 1]",0.066877244
"[30, 15, 1]",0.0002737
"[40, 30, 20, 1]",7.53E-08
"[40, 20, 10, 1]",1.09E-07
"[50, 25, 10, 1]",0.001860932
"[40, 50, 30, 10, 1]",4.89E-10
"[50, 40, 20, 10, 1]",0.000389409
"[60, 40, 20, 10, 1]",6.90E-10
"[40, 50, 40, 20, 10, 1]",5.72E-12
"[50, 60, 40, 20, 10, 1]",2.21E-10
"[60, 80, 40, 20, 10, 1]",5.70E-11
